{
    "x":[-26.167136418051506,-16.4644617611841,-31.017513245613465,-36.31342484095633,2.78403842647974,-20.572495723517317,-27.939751842311129,-5.993397124747462,-38.393365527195066,-18.254269511019302,-23.246255878284103,-0.845997118664902,-31.166024834873763,-8.3531686639312213,-21.61186176726666,-27.452898636357634,-4.07227011122754,-36.239169046326175,-15.97760855523061,-31.166024834873763,-13.766348605307151,-25.671687049310222,-5.993397124747462,-38.598940585509936,-20.572495723517317,-28.079667268783638,-8.3531686639312213,-23.798768716079955,-0.98591254513741289,-36.239169046326175,-16.034413398308054,-27.939751842311129,-13.757752442519363,-20.572495723517317,-0.845997118664902,-31.166024834873763,-8.3531686639312213,-25.671687049310222,-5.993397124747462,-37.972171953083937,-20.572495723517317,-23.798768716079955,-0.98591254513741289,-38.598940585509936,-16.034413398308054,-31.166024834873763,-8.3531686639312213,-20.572495723517317,-0.845997118664902,-27.939751842311129,-13.757752442519363,-23.798768716079955,-5.993397124747462,-31.166024834873763,-20.572495723517317,-36.239169046326175,-13.766348605307151,-23.798768716079955,-8.3531686639312213,-28.079667268783638,-4.07227011122754,-36.239169046326175,-15.97760855523061,-20.572495723517317,-5.993397124747462,-28.079667268783638,-16.034413398308054,-27.939751842311129,-8.3531686639312213,-20.572495723517317,-0.98591254513741289,-38.598940585509936,-13.766348605307151,-23.798768716079955,-15.97760855523061,-31.166024834873763,-5.993397124747462,-36.239169046326175,-20.572495723517317,461.67478938824337,409.07534224590256,387.56757504895887,-12.889697238150628,109.45942059003143,-4.1237310766057194,223.39240702533749],
    "y":[-1.2757537150221576,-4.9226397172747776,0.3191059103983151,1.5449507471443447,-12.32787176839882,-1.7898943973988881,-0.31135737077411313,-7.0030259629538278,1.7933756422283853,-3.9667779626161361,-0.36187068400656369,-8.3518757292580066,0.19610098084016742,-6.9920763373966777,-3.5737899509706,0.551972821019557,-7.8444173776437234,1.6064532119234194,-4.0593095254811074,0.19610098084016742,-4.1932640805964025,-0.40815622843378446,-7.0030259629538278,1.6174028374805669,-1.7898943973988881,-0.43009500553755969,-6.9920763373966777,-1.2824360457846058,-8.4706133640214514,1.6064532119234194,-4.0964652229367315,-0.31135737077411313,-4.1889967858017014,-1.7898943973988881,-8.3518757292580066,0.19610098084016742,-6.9920763373966777,-0.40815622843378446,-7.0030259629538278,2.5994706640376837,-1.7898943973988881,-1.2824360457846058,-8.4706133640214514,1.6174028374805669,-4.0964652229367315,0.19610098084016742,-6.9920763373966777,-1.7898943973988881,-8.3518757292580066,-0.31135737077411313,-4.1889967858017014,-1.2824360457846058,-7.0030259629538278,0.19610098084016742,-1.7898943973988881,1.6064532119234194,-4.1932640805964025,-1.2824360457846058,-6.9920763373966777,-0.43009500553755969,-7.8444173776437234,1.6064532119234194,-4.0593095254811074,-1.7898943973988881,-7.0030259629538278,-0.43009500553755969,-4.0964652229367315,-0.31135737077411313,-6.9920763373966777,-1.7898943973988881,-8.4706133640214514,1.6174028374805669,-4.1932640805964025,-1.2824360457846058,-4.0593095254811074,0.19610098084016742,-7.0030259629538278,1.6064532119234194,-1.7898943973988881,81.670591029897992,30.180588304172492,-241.50274058051463,33.27029925899749,242.11242240098312,9.3160299890835319,71.936839811705767],
    "z":[-3.3159221472250442,0.94062127084354707,-3.3342452335454809,-7.201571419647534,8.618156179396232,-1.2319004520754666,-3.583063429208166,3.3512126100740947,-5.6506075736993013,0.74308126281818054,-1.7220309979074973,5.9355377629156081,-4.6172462668060206,2.2665731155434941,-1.643703881997967,-3.7153122910514895,4.9013549253177544,-6.5600709030172641,0.808372409000224,-4.6172462668060206,0.61001087027028555,-3.4829716460472451,3.3512126100740947,-7.6447103975478656,-1.2319004520754666,-4.9008650994475822,2.2665731155434941,-2.2660832896733218,4.6177360926761928,-6.5600709030172641,0.509919087109365,-3.583063429208166,0.57521023329140841,-1.2319004520754666,5.9355377629156081,-4.6172462668060206,2.2665731155434941,-3.4829716460472451,3.3512126100740947,-6.4591575891517721,-1.2319004520754666,-2.2660832896733218,4.6177360926761928,-7.6447103975478656,0.509919087109365,-4.6172462668060206,2.2665731155434941,-1.2319004520754666,5.9355377629156081,-3.583063429208166,0.57521023329140841,-2.2660832896733218,3.3512126100740947,-4.6172462668060206,-1.2319004520754666,-6.5600709030172641,0.61001087027028555,-2.2660832896733218,2.2665731155434941,-4.9008650994475822,4.9013549253177544,-6.5600709030172641,0.808372409000224,-1.2319004520754666,3.3512126100740947,-4.9008650994475822,0.509919087109365,-3.583063429208166,2.2665731155434941,-1.2319004520754666,4.6177360926761928,-7.6447103975478656,0.61001087027028555,-2.2660832896733218,0.808372409000224,-4.6172462668060206,3.3512126100740947,-6.5600709030172641,-1.2319004520754666,28.095264612507965,27.461143358301229,-49.01737850223153,81.163304608821591,-70.744386945406177,71.043765133517553,-5.5093170482997795]
}